{
  "module_names": [
    {
      "branches": 4,
      "branches_missing": 4,
      "branches_partial": 0,
      "coverage": 91.12903225806451,
      "lines": [
        1,
        2,
        3,
        4,
        5,
        7,
        9,
        10,
        12,
        13,
        16,
        17,
        19,
        20,
        21,
        22,
        23,
        24,
        26,
        27,
        29,
        30,
        32,
        33,
        34,
        35,
        36,
        38,
        39,
        41,
        42,
        43,
        44,
        45,
        46,
        47,
        48,
        50,
        51,
        53,
        54,
        55,
        56,
        57,
        58,
        59,
        60,
        62,
        63,
        65,
        66,
        68,
        69,
        72,
        73,
        75,
        76,
        77,
        79,
        80,
        82,
        83,
        85,
        86,
        87,
        88,
        89,
        91,
        92,
        94,
        95,
        96,
        97,
        98,
        99,
        100,
        101,
        103,
        104,
        106,
        107,
        108,
        109,
        110,
        111,
        112,
        113,
        115,
        116,
        118,
        119,
        121,
        122,
        125,
        126,
        128,
        129,
        130,
        132,
        133,
        134,
        135,
        137,
        138,
        140,
        141,
        142,
        143,
        144,
        145,
        151,
        153,
        154,
        156,
        157,
        158,
        159,
        160,
        162,
        163,
        165,
        166,
        169,
        170
      ],
      "lines_not_covered": [
        144,
        157,
        158,
        159,
        160,
        162,
        163,
        165,
        166,
        169,
        170
      ],
      "module": "modelo.modelo",
      "sum_lines": 124,
      "sum_lines_not_covered": 11
    }
  ],
  "overall_branch_coverage": 0.0,
  "overall_branch_partial_coverage": 100.0,
  "overall_coverage": 91.12903225806451
}